tetrad	oligo	pos	inner	outer	shift	slide	rise	tilt	roll	twist
AAAA	AAAA	8	3	3	-0.11	-0.64	3.31	-0.8	0.6	33.5
AAAC	AAAC	9	3	7	-0.2	-0.42	3.35	-2.8	0.7	36.2
AAAG	GAAA	10	3	2	-0.14	-0.44	3.25	-2.4	1.3	34.3
AAAT	AAAT	9	3	6	-0.14	-0.6	3.34	-2.9	0.1	35.6
AACA	AAAC	10	7	3	0.45	-0.69	3.39	0.2	-1.3	33.0
AACC	TGGT	27	7	7	0.13	-0.8	3.45	-0.7	-0.5	33.4
AACG	GAAC	10	7	2	0.39	-0.66	3.43	-0.2	-0.9	32.8
AACT	TAAC	10	7	6	0.1	-0.88	3.49	-1.2	-1.1	33.5
AAGA	GAAA	7	2	3	-0.09	-0.75	3.39	-1.0	4.6	31.3
AAGC	CAAG	10	2	7	-0.25	-0.78	3.54	-3.0	4.6	35.2
AAGG	AGGA	8	2	2	-0.18	-0.78	3.33	-1.9	3.9	32.2
AAGT	TAAG	10	2	6	-0.24	-0.92	3.56	-2.5	3.4	34.9
AATA	AAAT	10	6	3	0.25	-0.84	3.25	0.5	-1.7	31.2
AATC	CAAT	10	6	7	0.06	-0.83	3.39	0.2	-1.5	32.0
AATG	GAAT	10	6	2	0.16	-0.79	3.28	1.1	-1.2	31.2
AATT	TAAT	10	6	6	-0.01	-0.91	3.37	0.0	-2.0	32.0
ACAA	AAAC	7	8	3	-0.15	-0.32	3.2	1.9	12.1	26.4
ACAC	TGTG	29	8	7	-0.31	-0.34	3.36	-0.7	9.4	33.8
ACAG	TGTC	29	8	2	-0.08	-0.16	3.27	0.5	9.7	32.3
ACAT	TGTA	29	8	6	-0.17	-0.47	3.48	-0.4	8.8	35.8
ACCA	TGGT	28	12	3	0.43	-0.62	3.58	0.7	3.9	35.5
ACCC	GGGT	28	12	7	-0.01	-1.23	3.68	-0.4	5.5	33.7
ACCG	CGGT	28	12	2	0.51	-0.44	3.61	1.0	3.5	36.6
ACCT	AGGT	28	12	6	0.03	-1.2	3.69	-1.0	5.0	34.5
ACGA	GAAC	7	11	3	0.06	-0.09	3.11	1.6	10.3	27.9
ACGC	CGTG	29	11	7	-0.21	-0.19	3.4	-1.2	8.9	35.4
ACGG	CGGA	8	11	2	-0.03	-0.03	3.13	0.2	8.7	31.5
ACGT	CGTA	8	11	6	0.02	-0.19	3.52	0.0	8.2	38.4
ACTA	TAAC	7	13	3	0.78	-0.41	3.4	3.3	1.5	36.2
ACTC	AGTG	29	13	7	0.18	-0.88	3.59	2.5	3.3	34.7
ACTG	AGTC	29	13	2	0.74	-0.3	3.44	3.9	0.8	37.0
ACTT	TAAG	27	13	6	0.24	-0.92	3.56	2.5	3.4	34.9
AGAA	GAAA	8	1	3	-0.12	-0.45	3.38	0.7	2.9	34.2
AGAC	TGTC	27	1	7	-0.36	-0.18	3.39	-1.6	1.1	37.9
AGAG	AGAG	9	1	2	-0.08	-0.49	3.32	-0.7	3.4	33.9
AGAT	GATA	8	1	6	-0.07	-0.64	3.38	-1.1	3.0	34.4
AGCA	CAAG	7	4	3	0.5	-0.34	3.42	1.6	-1.4	36.1
AGCC	TGGC	27	4	7	-0.05	-0.81	3.53	0.6	-0.1	35.8
AGCG	AGCG	9	4	2	0.25	-0.57	3.45	1.1	-0.1	34.7
AGCT	AGCT	9	4	6	0.01	-0.85	3.57	-0.0	-0.6	36.0
AGGA	AGGA	9	0	3	0.11	-0.85	3.49	2.0	6.1	31.5
AGGC	AGGC	9	0	7	-0.13	-1.02	3.64	0.6	5.3	34.6
AGGG	GGGA	8	0	2	0.03	-0.97	3.46	0.8	5.8	32.3
AGGT	AGGT	9	0	6	-0.03	-1.2	3.69	1.0	5.0	34.5
AGTA	TAAG	7	5	3	0.25	-0.57	3.33	1.8	-2.2	33.2
AGTC	AGTC	9	5	7	-0.17	-0.82	3.49	1.6	-0.6	33.2
AGTG	AGTG	9	5	2	0.35	-0.48	3.4	2.4	-3.5	34.8
AGTT	TAAC	27	5	6	-0.1	-0.88	3.49	1.2	-1.1	33.5
ATAA	AAAT	7	9	3	0.05	-0.34	3.27	1.9	10.5	29.6
ATAC	TGTA	27	9	7	-0.06	-0.36	3.3	-0.3	8.6	33.5
ATAG	GATA	10	9	2	0.1	-0.48	3.29	0.2	11.1	31.3
ATAT	TATA	8	9	6	-0.0	-0.55	3.39	0.1	8.4	34.5
ATCA	CAAT	7	14	3	0.62	0.0	3.44	2.3	1.5	38.6
ATCC	TGGA	27	14	7	0.09	-0.52	3.4	1.4	2.1	36.4
ATCG	TCGA	8	14	2	0.62	0.04	3.47	2.2	1.3	38.8
ATCT	GATA	29	14	6	0.07	-0.64	3.38	1.1	3.0	34.4
ATGA	GAAT	7	10	3	0.33	-0.21	3.26	1.3	11.0	30.0
ATGC	ATGC	9	10	7	0.1	-0.39	3.3	-0.3	10.1	32.6
ATGG	TGGA	8	10	2	0.25	-0.18	3.16	0.1	9.8	31.4
ATGT	TGTA	8	10	6	0.17	-0.47	3.48	0.4	8.8	35.8
ATTA	TAAT	28	15	3	0.63	-0.17	3.3	3.3	-0.2	37.0
ATTC	GAAT	28	15	7	0.13	-0.61	3.34	2.7	1.2	34.4
ATTG	CAAT	28	15	2	0.74	-0.02	3.36	3.8	-0.5	38.2
ATTT	AAAT	28	15	6	0.14	-0.6	3.34	2.9	0.1	35.6
CAAA	AAAC	8	3	8	-0.5	-0.09	3.31	-2.5	0.8	35.2
CAAC	TGGT	30	3	12	-0.68	0.02	3.3	-3.7	-1.2	37.4
CAAG	CAAG	9	3	11	-0.6	0.07	3.32	-3.8	-0.9	37.6
CAAT	CAAT	9	3	13	-0.74	-0.02	3.36	-3.8	-0.5	38.2
CACA	TGTG	28	7	8	0.17	-0.6	3.28	-0.6	0.5	30.6
CACC	GGGT	27	7	12	-0.12	-0.51	3.29	-1.0	-2.0	33.6
CACG	CGTG	28	7	11	0.01	-0.45	3.31	-0.6	-0.5	31.3
CACT	AGTG	28	7	13	-0.35	-0.48	3.4	-2.4	-3.5	34.8
CAGA	TGTC	30	2	8	-0.25	-0.32	3.28	-1.8	5.0	29.9
CAGC	TGGC	30	2	12	-0.61	-0.23	3.35	-3.6	0.3	35.7
CAGG	AGGC	8	2	11	-0.57	-0.28	3.32	-3.5	0.9	35.1
CAGT	AGTC	8	2	13	-0.74	-0.3	3.44	-3.9	0.8	37.0
CATA	TGTA	30	6	8	0.01	-0.78	3.22	-0.4	0.2	29.2
CATC	TGGA	30	6	12	-0.0	-0.75	3.21	-0.4	-0.4	29.6
CATG	ATGC	8	6	11	-0.03	-0.76	3.25	0.0	0.4	29.7
CATT	GAAT	27	6	13	-0.16	-0.79	3.28	-1.1	-1.2	31.2
CCAA	TGGT	29	8	8	-0.1	-0.14	2.96	2.0	11.0	23.4
CCAC	GGGT	30	8	12	-0.26	-0.17	2.93	0.3	9.4	25.5
CCAG	TGGC	29	8	11	-0.11	-0.08	2.85	0.4	9.8	23.5
CCAT	TGGA	29	8	13	-0.25	-0.18	3.16	-0.1	9.8	31.4
CCCA	GGGT	29	12	8	0.36	-0.53	3.45	1.0	4.0	34.1
CCCC	GGGG	29	12	12	-0.05	-1.15	3.37	-0.2	5.9	30.1
CCCG	GGGC	29	12	11	0.43	-0.32	3.48	1.2	3.2	35.2
CCCT	GGGA	29	12	13	-0.03	-0.97	3.46	-0.8	5.8	32.3
CCGA	CGGT	29	11	8	0.06	-0.05	2.86	1.6	10.1	22.4
CCGC	GGGC	30	11	12	-0.05	-0.12	2.81	-0.4	8.7	23.6
CCGG	CGGC	8	11	11	-0.02	-0.06	2.78	-0.0	8.8	23.1
CCGT	CGGA	29	11	13	0.03	-0.03	3.13	-0.2	8.7	31.5
CCTA	AGGT	29	13	8	0.49	-0.46	3.3	2.6	2.1	33.6
CCTC	GGGA	30	13	12	0.12	-0.81	3.26	1.8	3.6	30.2
CCTG	AGGC	29	13	11	0.57	-0.28	3.32	3.5	0.9	35.1
CCTT	AGGA	29	13	13	0.18	-0.78	3.33	1.9	3.9	32.2
CGAA	GAAC	8	1	8	-0.48	-0.0	3.42	-0.8	2.2	35.4
CGAC	CGGT	30	1	12	-0.69	0.19	3.39	-2.2	0.4	38.9
CGAG	AGCG	7	1	11	-0.34	-0.11	3.38	-2.1	1.5	35.8
CGAT	TCGA	29	1	13	-0.62	0.04	3.47	-2.2	1.3	38.8
CGCA	CGTG	30	4	8	0.21	-0.39	3.42	0.5	-1.4	34.5
CGCC	GGGC	27	4	12	-0.26	-0.36	3.39	0.2	-0.9	35.5
CGCG	CGCG	9	4	11	0.0	-0.15	3.49	-0.0	-3.1	36.1
CGCT	AGCG	28	4	13	-0.25	-0.57	3.45	-1.1	-0.1	34.7
CGGA	CGGA	9	0	8	-0.24	-0.41	3.48	0.4	5.7	31.8
CGGC	CGGC	9	0	12	-0.57	-0.25	3.5	-1.2	2.6	36.0
CGGG	GGGC	8	0	11	-0.43	-0.32	3.48	-1.2	3.2	35.2
CGGT	CGGT	9	0	13	-0.51	-0.44	3.61	-1.0	3.5	36.6
CGTA	CGTA	9	5	8	-0.1	-0.56	3.27	0.2	0.8	30.0
CGTC	CGGA	30	5	12	-0.34	-0.6	3.33	0.4	0.1	30.7
CGTG	CGTG	9	5	11	-0.01	-0.45	3.31	0.6	-0.5	31.3
CGTT	GAAC	27	5	13	-0.39	-0.66	3.43	0.2	-0.9	32.8
CTAA	TAAC	8	9	8	-0.16	-0.19	3.04	1.8	11.3	24.6
CTAC	AGGT	30	9	12	-0.26	-0.13	2.99	0.1	8.7	27.7
CTAG	AGCT	7	9	11	-0.01	-0.11	2.96	0.1	9.7	25.5
CTAT	GATA	27	9	13	-0.1	-0.48	3.29	-0.2	11.1	31.3
CTCA	AGTG	30	14	8	0.54	0.06	3.39	2.6	0.2	37.7
CTCC	GGGA	27	14	12	0.18	-0.37	3.21	1.8	3.2	33.5
CTCG	AGCG	30	14	11	0.34	-0.11	3.38	2.1	1.5	35.8
CTCT	AGAG	28	14	13	0.08	-0.49	3.32	0.7	3.4	33.9
CTGA	AGTC	30	10	8	0.04	-0.0	2.91	1.2	11.1	22.1
CTGC	AGGC	30	10	12	0.03	-0.16	2.88	-0.3	9.7	23.8
CTGG	TGGC	8	10	11	0.11	-0.08	2.85	-0.4	9.8	23.5
CTGT	TGTC	8	10	13	0.08	-0.16	3.27	-0.5	9.7	32.3
CTTA	TAAG	28	15	8	0.5	-0.09	3.29	3.4	-0.1	36.2
CTTC	AGGA	30	15	12	0.09	-0.48	3.19	2.4	1.7	32.2
CTTG	CAAG	28	15	11	0.6	0.07	3.32	3.8	-0.9	37.6
CTTT	GAAA	27	15	13	0.14	-0.44	3.25	2.4	1.3	34.3
GAAA	GAAA	9	3	1	-0.14	-0.44	3.27	-1.3	1.8	32.4
GAAC	GAAC	9	3	4	-0.2	-0.38	3.35	-2.7	1.3	35.6
GAAG	AGGA	7	3	0	-0.09	-0.48	3.19	-2.4	1.7	32.2
GAAT	GAAT	9	3	5	-0.13	-0.61	3.34	-2.7	1.2	34.4
GACA	TGTC	28	7	1	0.36	-0.69	3.36	0.0	-0.3	31.4
GACC	CGGT	27	7	4	0.19	-0.74	3.43	-0.7	-0.4	32.7
GACG	CGGA	7	7	0	0.34	-0.6	3.33	-0.4	0.1	30.7
GACT	AGTC	28	7	5	0.17	-0.82	3.49	-1.6	-0.6	33.2
GAGA	AGAG	8	2	1	-0.17	-0.74	3.36	-1.1	5.1	30.2
GAGC	AGCG	8	2	4	-0.25	-0.73	3.45	-2.6	4.3	33.2
GAGG	GGGA	7	2	0	-0.12	-0.81	3.26	-1.8	3.6	30.2
GAGT	AGTG	8	2	5	-0.18	-0.88	3.59	-2.5	3.3	34.7
GATA	GATA	9	6	1	0.03	-0.86	3.22	0.2	0.5	29.6
GATC	TCGA	7	6	4	0.01	-0.8	3.37	-0.0	-1.7	31.5
GATG	TGGA	7	6	0	0.0	-0.75	3.21	0.4	-0.4	29.6
GATT	CAAT	27	6	5	-0.06	-0.83	3.39	-0.2	-1.5	32.0
GCAA	CAAG	8	8	1	-0.13	-0.16	2.91	2.0	11.7	21.5
GCAC	CGTG	27	8	4	-0.21	-0.22	3.14	-0.2	9.9	29.4
GCAG	AGGC	7	8	0	-0.03	-0.16	2.88	0.3	9.7	23.8
GCAT	ATGC	28	8	5	-0.1	-0.39	3.3	0.3	10.1	32.6
GCCA	TGGC	28	12	1	0.6	-0.29	3.48	1.5	2.9	36.0
GCCC	GGGC	28	12	4	0.1	-0.98	3.61	0.0	5.1	34.1
GCCG	CGGC	28	12	0	0.57	-0.25	3.5	1.2	2.6	36.0
GCCT	AGGC	28	12	5	0.13	-1.02	3.64	-0.6	5.3	34.6
GCGA	AGCG	10	11	1	0.09	-0.07	3.03	1.5	10.9	26.7
GCGC	CGCG	8	11	4	0.01	-0.1	3.17	0.1	9.7	30.3
GCGG	GGGC	7	11	0	0.05	-0.12	2.81	0.4	8.7	23.6
GCGT	CGTG	8	11	5	0.21	-0.19	3.4	1.2	8.9	35.4
GCTA	AGCT	29	13	1	0.62	-0.28	3.32	3.2	1.6	34.9
GCTC	AGCG	29	13	4	0.25	-0.73	3.45	2.6	4.3	33.2
GCTG	TGGC	7	13	0	0.61	-0.23	3.35	3.6	0.3	35.7
GCTT	CAAG	27	13	5	0.25	-0.78	3.54	3.0	4.6	35.2
GGAA	AGGA	10	1	1	-0.21	-0.27	3.27	-0.5	3.3	33.8
GGAC	CGGA	10	1	4	-0.31	-0.2	3.36	-2.0	1.6	37.5
GGAG	GGGA	10	1	0	-0.18	-0.37	3.21	-1.8	3.2	33.5
GGAT	TGGA	10	1	5	-0.09	-0.52	3.4	-1.4	2.1	36.4
GGCA	AGGC	10	4	1	0.31	-0.36	3.37	0.3	-0.7	35.6
GGCC	CGGC	10	4	4	-0.0	-0.71	3.48	0.0	0.0	35.5
GGCG	GGGC	10	4	0	0.26	-0.36	3.39	-0.2	-0.9	35.5
GGCT	TGGC	10	4	5	0.05	-0.81	3.53	-0.6	-0.1	35.8
GGGA	GGGA	9	0	1	0.02	-0.92	3.44	1.0	6.5	30.4
GGGC	GGGC	9	0	4	-0.1	-0.98	3.61	-0.0	5.1	34.1
GGGG	GGGG	8	0	0	0.05	-1.15	3.37	0.2	5.9	30.1
GGGT	GGGT	9	0	5	0.01	-1.23	3.68	0.4	5.5	33.7
GGTA	AGGT	10	5	1	0.08	-0.52	3.27	0.8	-1.4	32.8
GGTC	CGGT	10	5	4	-0.19	-0.74	3.43	0.7	-0.4	32.7
GGTG	GGGT	10	5	0	0.12	-0.51	3.29	1.0	-2.0	33.6
GGTT	TGGT	10	5	5	-0.13	-0.8	3.45	0.7	-0.5	33.4
GTAA	TAAG	8	9	1	0.12	-0.16	3.06	1.7	10.3	26.1
GTAC	CGTA	10	9	4	0.04	-0.15	3.2	0.1	8.3	32.5
GTAG	AGGT	7	9	0	0.26	-0.13	2.99	-0.1	8.7	27.7
GTAT	TGTA	10	9	5	0.06	-0.36	3.3	0.3	8.6	33.5
GTCA	AGTC	10	14	1	0.65	0.16	3.39	2.4	0.5	38.8
GTCC	CGGA	27	14	4	0.31	-0.2	3.36	2.0	1.6	37.5
GTCG	CGGT	7	14	0	0.69	0.19	3.39	2.2	0.4	38.9
GTCT	TGTC	10	14	5	0.36	-0.18	3.39	1.6	1.1	37.9
GTGA	AGTG	10	10	1	0.19	-0.09	2.95	1.0	10.6	23.5
GTGC	CGTG	10	10	4	0.21	-0.22	3.14	0.2	9.9	29.4
GTGG	GGGT	7	10	0	0.26	-0.17	2.93	-0.3	9.4	25.5
GTGT	TGTG	8	10	5	0.31	-0.34	3.36	0.7	9.4	33.8
GTTA	TAAC	28	15	1	0.57	-0.08	3.27	3.4	-0.8	36.4
GTTC	GAAC	28	15	4	0.2	-0.38	3.35	2.7	1.3	35.6
GTTG	TGGT	7	15	0	0.68	0.02	3.3	3.7	-1.2	37.4
GTTT	AAAC	28	15	5	0.2	-0.42	3.35	2.8	0.7	36.2
TAAA	AAAT	8	3	9	-0.44	-0.22	3.32	-2.1	1.0	35.1
TAAC	TAAC	9	3	14	-0.57	-0.08	3.27	-3.4	-0.8	36.4
TAAG	TAAG	9	3	10	-0.5	-0.09	3.29	-3.4	-0.1	36.2
TAAT	TAAT	9	3	15	-0.63	-0.17	3.3	-3.3	-0.2	37.0
TACA	TGTA	28	7	9	0.09	-0.66	3.28	-0.3	0.5	30.6
TACC	AGGT	27	7	14	-0.08	-0.52	3.27	-0.8	-1.4	32.8
TACG	CGTA	28	7	10	0.1	-0.56	3.27	-0.2	0.8	30.0
TACT	TAAG	30	7	15	-0.25	-0.57	3.33	-1.8	-2.2	33.2
TAGA	GATA	7	2	9	-0.35	-0.69	3.37	-1.5	5.1	31.1
TAGC	AGCT	8	2	14	-0.62	-0.28	3.32	-3.2	1.6	34.9
TAGG	AGGT	8	2	10	-0.49	-0.46	3.3	-2.6	2.1	33.6
TAGT	TAAC	30	2	15	-0.78	-0.41	3.4	-3.3	1.5	36.2
TATA	TATA	9	6	9	0.0	-0.85	3.21	-0.0	0.2	29.5
TATC	GATA	28	6	14	-0.03	-0.86	3.22	-0.2	0.5	29.6
TATG	TGTA	7	6	10	-0.01	-0.78	3.22	0.4	0.2	29.2
TATT	AAAT	27	6	15	-0.25	-0.84	3.25	-0.5	-1.7	31.2
TCAA	CAAT	8	8	9	-0.08	-0.12	3.05	0.6	12.5	22.3
TCAC	AGTG	27	8	14	-0.19	-0.09	2.95	-1.0	10.6	23.5
TCAG	AGTC	7	8	10	-0.04	-0.0	2.91	-1.2	11.1	22.1
TCAT	GAAT	30	8	15	-0.33	-0.21	3.26	-1.3	11.0	30.0
TCCA	TGGA	28	12	9	0.23	-0.69	3.52	-0.6	5.9	31.9
TCCC	GGGA	28	12	14	-0.02	-0.92	3.44	-1.0	6.5	30.4
TCCG	CGGA	28	12	10	0.24	-0.41	3.48	-0.4	5.7	31.8
TCCT	AGGA	28	12	15	-0.11	-0.85	3.49	-2.0	6.1	31.5
TCGA	TCGA	9	11	9	0.0	-0.06	3.0	0.1	11.5	22.9
TCGC	AGCG	27	11	14	-0.09	-0.07	3.03	-1.5	10.9	26.7
TCGG	CGGT	8	11	10	-0.06	-0.05	2.86	-1.6	10.1	22.4
TCGT	GAAC	30	11	15	-0.06	-0.09	3.11	-1.6	10.3	27.9
TCTA	GATA	30	13	9	0.35	-0.69	3.37	1.5	5.1	31.1
TCTC	AGAG	29	13	14	0.17	-0.74	3.36	1.1	5.1	30.2
TCTG	TGTC	7	13	10	0.25	-0.32	3.28	1.8	5.0	29.9
TCTT	GAAA	30	13	15	0.09	-0.75	3.39	1.0	4.6	31.3
TGAA	GAAT	8	1	9	-0.42	-0.2	3.4	-1.0	2.4	35.0
TGAC	AGTC	27	1	14	-0.65	0.16	3.39	-2.4	0.5	38.8
TGAG	AGTG	7	1	10	-0.54	0.06	3.39	-2.6	0.2	37.7
TGAT	CAAT	30	1	15	-0.62	0.0	3.44	-2.3	1.5	38.6
TGCA	ATGC	10	4	9	0.01	-0.56	3.38	0.0	0.1	33.1
TGCC	AGGC	27	4	14	-0.31	-0.36	3.37	-0.3	-0.7	35.6
TGCG	CGTG	7	4	10	-0.21	-0.39	3.42	-0.5	-1.4	34.5
TGCT	CAAG	30	4	15	-0.5	-0.34	3.42	-1.6	-1.4	36.1
TGGA	TGGA	9	0	9	-0.23	-0.69	3.52	0.6	5.9	31.9
TGGC	TGGC	9	0	14	-0.6	-0.29	3.48	-1.5	2.9	36.0
TGGG	GGGT	8	0	10	-0.36	-0.53	3.45	-1.0	4.0	34.1
TGGT	TGGT	9	0	15	-0.43	-0.62	3.58	-0.7	3.9	35.5
TGTA	TGTA	9	5	9	-0.09	-0.66	3.28	0.3	0.5	30.6
TGTC	TGTC	9	5	14	-0.36	-0.69	3.36	-0.0	-0.3	31.4
TGTG	TGTG	9	5	10	-0.17	-0.6	3.28	0.6	0.5	30.6
TGTT	AAAC	27	5	15	-0.45	-0.69	3.39	-0.2	-1.3	33.0
TTAA	TAAT	8	9	9	-0.0	-0.2	3.2	0.1	12.2	25.2
TTAC	TAAG	29	9	14	-0.12	-0.16	3.06	-1.7	10.3	26.1
TTAG	TAAC	29	9	10	0.16	-0.19	3.04	-1.8	11.3	24.6
TTAT	AAAT	30	9	15	-0.05	-0.34	3.27	-1.9	10.5	29.6
TTCA	GAAT	29	14	9	0.42	-0.2	3.4	1.0	2.4	35.0
TTCC	AGGA	27	14	14	0.21	-0.27	3.27	0.5	3.3	33.8
TTCG	GAAC	29	14	10	0.48	-0.0	3.42	0.8	2.2	35.4
TTCT	GAAA	29	14	15	0.12	-0.45	3.38	-0.7	2.9	34.2
TTGA	CAAT	29	10	9	0.08	-0.12	3.05	-0.6	12.5	22.3
TTGC	CAAG	29	10	14	0.13	-0.16	2.91	-2.0	11.7	21.5
TTGG	TGGT	8	10	10	0.1	-0.14	2.96	-2.0	11.0	23.4
TTGT	AAAC	30	10	15	0.15	-0.32	3.2	-1.9	12.1	26.4
TTTA	AAAT	29	15	9	0.44	-0.22	3.32	2.1	1.0	35.1
TTTC	GAAA	28	15	14	0.14	-0.44	3.27	1.3	1.8	32.4
TTTG	AAAC	29	15	10	0.5	-0.09	3.31	2.5	0.8	35.2
TTTT	AAAA	29	15	15	0.11	-0.64	3.31	0.8	0.6	33.5
